strategy,status,first_session,last_session,nav,return_pct,max_drawdown_pct,missed_decisions,positions,fills
benchmark_spy,active,2026-09-28,2026-10-06,101374.24195780903,1.3742419578090415,0.6618797810691746,1,1,1
buy_hold_equal_weight,active,2026-09-28,2026-10-06,100601.99692893849,0.6019969289384974,0.6054344871516792,1,8,8
macd_12_26_9,active,2026-09-28,2026-10-06,100263.29775859992,0.263297758599923,0.07610973294628343,1,1,1
genetic_frozen,active,2026-09-28,2026-10-06,100253.89132500235,0.25389132500235334,0.0009249463745253372,1,1,1
bollinger_breakout_20,active,2026-09-28,2026-10-06,100000.0,0.0,0,1,0,0
ema_rsi_fixed,active,2026-09-28,2026-10-06,100000.0,0.0,0,1,0,0
rsi_reversion_14,active,2026-09-28,2026-10-06,100000.0,0.0,0,1,0,0
turtle_20_10_long,active,2026-09-28,2026-10-06,100000.0,0.0,0,1,0,0
turtle_55_20_long,active,2026-09-28,2026-10-06,100000.0,0.0,0,1,0,0
